Model,Validation Accuracy,Test Accuracy
Logistic Regression,0.8743224252158202,0.873220694382838
Naive Bayes,0.8488255370407549,0.8386225251018187
LSTM,0.7624974904637623,0.7586999475785314
